Rise										
Sayonara Hatsukoi	再见初恋									
Fairytale	草房子	新手村								
Lucifer	路西法									
Snow White	雪白									
Vexaria										
Lost Civilization	失落文明									
Qualia -ideaesthesia-										
GOODTEK (Arcaea Edit)	好锤子									
Shades of Light in a Transcendent Realm										
Babaroque	bbq									
Dement ~after legend~										
Dandelion	蒲公英	蛋达林								
Anökumene	无人区	Anokumene								
Infinity Heaven	天堂	叠键天堂								
Brand new world										
Chronostasis	时停	黑皇帝								
Kanagawa Cyber Culvert	电脑	神奈川								
Clotho and the stargazer	观星者									
Ignotus	ig									
Harutopia ~Utopia of Spring~										
Rabbit In The Black Room	黑兔									
Red and Blue	红蓝									
One Last Drive										
Dreamin' Attraction!!	美年达									
Syro										
Reinvent	冰红茶									
Blaster										
Cybernecia Catharsis	cc									
Inkar-usi										
Illegal Paradise	堕乐园									
Bookmaker (2D Version)										
Suomi										
Nhelv	你和驴									
LunarOrbit -believe in the Espebranch road-	白道									
Purgatorium										
Rugie	乳鸽									
ReviXy										
Grimheart										
SUPERNOVA	超新星									
VECTOЯ										
Diode	丢									
FREEF4LL										
Monochrome Princess	单色公主									
Senkyou	fuckyou									
World.execute(me);	世界执行我	世界杀我								
Oblivia										
Vivid Theory	理论									
Black Lotus	黑莲									
Give Me a Nightmare	噩梦									
1F√	1far	far								
Gekka (Short Version)										
Faint Light (Arcaea Edit)	微光									
CROSS†OVER										
Lapis	拉皮丝									
Purple Verse	pv	紫诗								
Glow										
Enchanted love										
Bamboo	竹									
Life is PIANO	lsp	钢琴								
Vandalism	万达李世民	万达								
Turbocharger	加速器									
False Embellishment	狂言绮语									
HIVEMIND										
Blue comet										
ENERGY SYNERGY MATRIX	esm									
G e n g a o z o	跟哥走	Gengaozo	大逼交互							
Antagonism	撸串	对立撸串								
Equilibrium	平衡									
Lost Desire	失欲	ld								
Dantalion	蛋挞林	蛋挞								
＃1f1e33	色号									
Tempestissimo	风暴	我没有买外卖	奥运会							
Arcahv										
Particle Arts	粒子艺术									
Vindication	辩护									
Heavensdoor	黑蚊子多	天堂之门	天堂门							
Ringed Genesis	rg		
BLRINK	对立唱情歌									
Maze No.9	妹子9									
The Message	马杀鸡									
Sulfur	硫磺									
Halcyon	翡翠鸡									
Ether Strike	es									
Fracture Ray	骨折光	骨折								
Iconoclast										
SOUNDWiTCH	音巫	bitch								
Trappola bewitching	魔女									
Conflict	公交车									
Axium Crisis	阿克西姆克里希思	ac								
Grievous Lady	病女	对立拉窗帘	gl							
Cry of viyella										
I've heard it said										
Relentless										
Memoryfactory.lzh	大粪	大粪工厂	记忆工厂							
Essence of Twilight										
Lumia										
Sheriruth	黑魔王									
PRAGMATISM	白魔王	bmw								
Solitary Dream	虚空之梦	虚空								
Paper Witch	纸巫									
Crystal Gravity	水晶重力									
Far Away Light	far									
Löschen	Loschen	洛神								
Aegleseeker	光追	RTX	摘星人							
Seclusion	隐居									
Coastal Highway										
ΟΔΥΣΣΕΙΑ										
Overwhelm	ow									
Small Cloud Sugar Candy	拔牙									
AlterAle										
Divine Light of Myriad	光速吃屎说	光速								
Alice's Suitcase										
Jump	跳									
Alice à la mode	时尚									
Eccentric Tale										
Felis										
Beside You										
To: Alice Liddell	致爱丽丝	To:Alice								
Heart Jackin'	心吧夹克									
Chelsea										
AI［UE］OON	过年歌									
A Wandering Melody of Love	恋歌									
Tie me down gently										
Valhalla:0	瓦尔哈拉零	瓦尔哈拉0	v0							
Antithese										
Corruption	腐败									
Black Territory	黑域									
Vicious Heroism	vh									
Cyaegha	绿魔王	完型填空								
Next to you										
Silent Rush										
Strongholds	要塞									
Memory Forest	记忆森林	森林								
Singularity	极点									
Cosmica										
Ascent										
Live Fast Die Young	死的早									
Blossoms										
Romance Wars										
Moonheart	月心									
Genesis										
Lethaeus	表黄									
Corps-sans-organes	里黄	铜魔王								
Paradise										
Flashback	闪回	闪退								
Flyburg and Endroll	飞堡									
Party Vinyl										
Nirv lucE	表红									
GLORY：ROAD	荣耀路	里红								
Quon (DJ Noriken)	quin	quonwacca								
Let you DIVE! (nitro rmx)										
With U										
Mazy Metroplex										
GENOCIDER										
April showers	四月的雨									
7thSense	第七感									
Oshama Scramble!	牛奶猫	牛奶								
AMAZING MIGHTYYYY!!!!	am									
Lazy Addiction										
Dazzle hop										
Viyella's Tears	vt									
Ω4	w4									
Garakuta Doll Play	gdp									
Ikazuchi	怒槌									
World Vanquisher	世征									
Climax	魔男	可莉								
Last Celebration	lc									
Misdeed -la bonté de Dieu et l'origine du mal-	业善									
MERLIN	梅林									
OMAKENO Stroke	中风									
DX Choseinou Full Metal Shojo	纵连少女	dx								
Scarlet Lance	红枪									
Ouroboros -twin stroke of the end-	衔尾蛇									
Got hive of Ra										
Hall of Mirrors										
Hikari										
Linear Accelerator	线性加速器									
STAGER (ALL STAGE CLEAR)										
Tiferet	体罚									
Dream goes on										
Journey										
Specta										
Cyanine	花青	靛蓝								
Quon (Feryquitous)										
Moonlight of Sand Castle	月光沙雕									
REconstruction										
Evoltex (poppi'n mix)										
Oracle	神谕									
Αterlβus	aterlbus	ab								
DataErr0r	dataerror									
CROSS✝SOUL	穿魂									
Your voice so... feat. Such										
Impure Bird	不净白鸟									
Auxesia	夏									
Modelista	飙车									
Metallic Punisher	金属惩罚器	mp								
Carmine:scythe										
Γuarδina	gd									
Be There										
Call My Name feat. Yukacco										
Fallensquare	塌方									
Dropdead	摔死									
Alexandrite	变石									
Astral tale										
Phantasia										
Empire of Winter	冬国									
Libertas										
Dot to Dot feat. shully										
Dreadnought	手电筒									
Mirzam										
Surrender										
Yosakura Fubuki		夜樱吹雪								
Heavenly caress										
Filament	灯丝									
Avant Raze	罗志祥									
BATTLE NO.1	战地一	战第一	打架第一名							
Einherjar Joker	ej	击剑								
IZANA	功夫高	哪里								
La'qryma of the Wasteland										
SAIKYO STRONGER	最强	血魔王	爬							
Amygdata										
Altale										
Scarlet Cage	红笼									
Feels So Right feat. Renko										
Teriqma										
MAHOROBA	魔法老八									
BADTEK	坏锤子									
Malicious Mischance	mm									
BUCHiGiRE Berserker	狂战士									
Galaxy Friends	银河朋友									
Xeraphinite	绿龙晶									
Xanatos										
AttraqtiA										
GIMME DA BLOOD	给我血									
Can I Friend You on Bassbook? Lol	bass	bassline								
THE ULTIMACY										
REKKA RESONANCE	烈华									
Sheriruth (Laur Remix)	黑老二									
Evening in Scarlet	马冬梅									
Lastendconductor										
Goldenslaughterer										
Redolent Shape										
Summer Fireworks of Love										
Tutorial	教程									
Ignotus Afterburn										
Red and Blue and Green	红绿蓝									
Singularity VVVIP										
Overdead.	超死									
Haze of Autumn	阳炎									
First Snow	初雪									
Blue Rose	蓝玫瑰									
										